Atendee Name,Address,RSVP,Meal Choice
Kimberly Day,"30701 Tina Drives Suite 016
East Christophershire, TX 66118",No,Fish
Susan Sanders,"8938 Sanchez Squares
Port Jorgeport, NV 21992", ,Chicken
Kristin Figueroa,"77283 Valerie Shoal
East Sarahport, IN 89957", ,Fish
Keith Davis,"04364 Melissa Underpass Suite 140
Meghanberg, FM 42312",Yes,Chicken
Aaron Dean,"942 Tanya Stream
New Sarahshire, MI 47398",Yes,Fish
Misty Coffey,"525 Gonzalez Mountains Apt. 035
Lake Williambury, MT 95256",No,Chicken
Tammy Frank,"9386 Sandra Pass Apt. 158
Howellberg, PR 46303",Yes,Fish
Claire Frank,"81422 Gonzalez Trail
Thorntonmouth, WI 62139",Yes,Fish
Derek Morales,"28058 Carrie Expressway
Port Jeremymouth, NM 27959",Yes,Fish
Amy Torres,"14272 Juan Roads Apt. 543
Port Ryanside, VI 66597",No,Vegan
Jessica Hall,"2142 Susan Glens
East Jessicaton, DE 92423",Yes,Chicken
Tina Mooney,"11685 Dennis Estate Apt. 031
North Timothy, NV 20597",No,Gluten Free
Matthew Murphy,"661 Roach Curve Suite 338
Robertsonport, WA 80061", ,Chicken
Patrick Williams,"PSC 0623, Box 3230
APO AA 28669",No,Chicken
Christopher Jenkins,"167 Griffin Expressway Suite 530
Romerofurt, PW 39463",Yes,Chicken
Kevin Davis,"798 Moore Lights Suite 842
South Jaredside, WV 18560", ,Fish
Anthony Morrow,"7658 Kristen Loaf
Cochranstad, IN 85285", ,Vegetarian
Ashley Jimenez,"433 Smith Mountains Apt. 758
South Christine, WV 12987",Yes,Chicken
James Mcgee,"0547 Chapman Estates
Nicolemouth, DC 64744",Yes,Chicken
Phillip Williams,"305 Adam Manors Suite 384
New Courtneyland, GU 76515", ,Chicken
Tammy Mitchell,"40463 George Forks Apt. 609
Lake Julia, ME 48794", ,Chicken
Anna Armstrong,"0380 Sarah Mount
Combsmouth, VT 50897", ,Chicken
Mark Johnson,"0927 Jones Knoll
South Linda, PW 50069",No,Vegan
Terri Park,"995 Tricia Tunnel
Gillfurt, WV 58983",Yes,Vegetarian
Robert Mann,"16204 Albert Road
Wheelermouth, TX 43965", ,Chicken
Holly Cochran,"59841 Patrick Row
Wilsonview, MD 21755",Yes,Chicken
Brandon Jones,"USNS Martin
FPO AE 41682", ,Fish
Angela Swanson,"4952 Williams Stravenue Suite 080
Alexandriachester, KY 91496",Yes,Chicken
Paul Rivera,"971 Erika Squares
Kristinstad, WI 58626",Yes,Fish
James Garcia Jr.,"57606 Aaron Field
East Karenstad, NM 17679",Yes,Chicken
Dawn Gonzalez,"Unit 6391 Box 4156
DPO AE 11943",No,Chicken
Angela Hudson,"801 Tyler Lane
Port Donnaville, AS 65749",Yes,Fish
Joann Sutton,"98728 Shannon Square Suite 142
East Michael, ME 40259",No,Fish
Mrs. Kelly Robinson,"8811 Karen Road Suite 556
Deniseborough, MN 81288",Yes,Gluten Free
Megan Roth,"03819 Garcia Lights
New Marcfurt, LA 97945", ,Chicken
Samantha Rodriguez,"Unit 7434 Box 9532
DPO AE 60992",Yes,Chicken
Theresa Boone,"710 James Summit
New Loganton, MA 57871", ,Chicken
Jennifer Briggs,"7370 Johnson Knolls Apt. 646
Brandonside, IN 49310",Yes,Chicken
Alexander Foster,"833 Andrea Lane
Lake Christopher, PR 16780",Yes,Chicken
Shaun Nichols,"55634 Daniel Run Suite 740
Riverachester, ID 29091",Yes,Fish
Keith Griffin,"723 Christopher Spring
Hillmouth, MI 42139",No,Chicken
Rebecca Wilkinson,"USS Butler
FPO AA 63983",Yes,Vegetarian
Jonathan Kennedy,"043 Tara Flats Apt. 058
Johnstonport, PW 52984", ,Chicken
Kristen Buchanan,"5205 Ramirez Street Apt. 330
Connerhaven, AR 46057",No,Chicken
Joshua Johnson,"98569 Desiree Crest
Millerland, OH 88472",Yes,Fish
Joseph Gillespie,"USCGC Smith
FPO AP 37623",No,Vegetarian
Brittany Ferrell,"947 Rachel Neck
Mckinneybury, NJ 04717",No,Vegetarian
Rachel Thomas,"899 Sanchez Station
Williambury, NH 77765",Yes,Fish
Nicholas Reilly,"61384 Townsend Squares
New Patricia, DC 65598",Yes,Chicken
Jonathan Miller,"1389 Mckee Circle Apt. 617
Port Lonnie, HI 30135",Yes,Fish
Daniel Patrick,"20050 Mathews Street
Hamiltonstad, MP 13429", ,Vegetarian
Chris Cole,"8450 Blackburn Locks
Taylorstad, NV 22204",Yes,Vegetarian
Jennifer Ferguson,"456 Erin Corner
Marieton, FM 40728",Yes,Chicken
Joshua Tyler,"0872 Carlson Streets
Lake Lorimouth, VT 36459",Yes,Fish
Amber Robinson,"306 Ann Street Suite 036
Monicafurt, KY 51068",Yes,Chicken
Billy Adkins,"12673 Cynthia Viaduct
East Johnbury, PR 83677",No,Gluten Free
Eric Delacruz,"Unit 5410 Box 1305
DPO AA 33447", ,Vegetarian
Nicholas Mitchell,"USNV Delacruz
FPO AP 11690",Yes,Fish
Sara Andrade,"03034 Baker River
Kellyborough, PW 93263",No,Chicken
Holly Lester,"282 Kimberly Underpass Apt. 345
Port Ashley, PW 85039",Yes,Fish
Christopher Mccoy,"93481 Latoya Shoals Suite 943
Walterton, WV 59019",Yes,Fish
Yesenia Lopez,"Unit 7563 Box 6283
DPO AE 71556", ,Fish
Brittany Davis,"43719 Phillips Locks
New Michael, WA 44590", ,Vegetarian
Kayla Roman,"80608 Osborne Mount Suite 699
Glennstad, VT 73258", ,Chicken
Margaret Mann,"0137 James Lodge Suite 122
Simmonshaven, MP 68641",No,Chicken
Nicole Bradford,"Unit 1639 Box 3870
DPO AP 21636",Yes,Chicken
Jane Acosta,"192 Emily Valleys Apt. 238
East Richard, OH 12869", ,Chicken
Sharon Murphy,"3871 Christopher Lodge
Jamesburgh, AZ 76012",No,Chicken
Justin Banks,"384 Yates Loop
Johnsonburgh, IN 13286",Yes,Fish
Terry Hartman,"115 Albert Manors Apt. 240
North Desireehaven, NY 03021",Yes,Fish
Jacob Chandler,"331 Hannah Ramp
North Natalieburgh, NC 90901",No,Vegan
Robert Martinez,"64568 Catherine Lakes Apt. 449
Perezmouth, NH 62929",Yes,Chicken
Roberta Washington,"25506 Valencia Coves
Brittneyview, AS 08605",Yes,Fish
Rebecca Ryan,"52637 Lynch Falls Apt. 509
Jonesmouth, CT 49039",Yes,Vegetarian
Jennifer King,"484 Elizabeth Field Apt. 974
Alexandraborough, ND 28805", ,Chicken
Melissa Howard,"1409 Nathan Mountains
Gonzalezburgh, DC 14200",Yes,Chicken
Michael Bennett,"465 Richard Ranch Apt. 130
South Gary, IA 13690",Yes,Vegetarian
Stephanie Roberts,"319 Eric Dale Suite 017
Robbinsshire, MD 86718",No,Fish
Eric Hogan,"827 Nelson Knoll
North John, MS 70998",No,Fish
Mathew Murray,"USNV White
FPO AP 59267",Yes,Chicken
Joy Adams,"881 Russell Rue
Scottfurt, AR 19226",Yes,Vegetarian
Sylvia Flores,"PSC 6004, Box 2774
APO AA 52968",Yes,Fish
Mrs. Ariel Williams,"0731 Alicia Inlet
Joshuafort, WI 68140", ,Vegetarian
Christy Moreno,"1030 Jones Run Suite 522
North Janice, GA 66554",Yes,Vegetarian
Christine Freeman,"415 Davis Forges Suite 887
Kimberlybury, MH 02995",No,Fish
Eric Lewis,"381 Mcintosh Rue
North Antoniotown, PR 96606", ,Fish
Paula Scott,"72125 Rhonda Locks
Morrowbury, ME 14027",No,Fish
Kevin Stewart,"0344 Maria Harbor Suite 230
North William, MN 78207",Yes,Gluten Free
Stephanie Shepherd,"Unit 5289 Box 1684
DPO AE 35423", ,Vegetarian
Benjamin Paul,"7258 Jeremy Drive
Lake Patrickbury, AR 35648",No,Fish
John Turner,"USNV Reed
FPO AP 33363",No,Chicken
Timothy Potter,"8748 Scott Trail
Johnsonstad, IA 98969",No,Fish
Denise Lewis,"28706 Peterson Island Suite 788
Terrichester, NH 68859",No,Chicken
Michael Dyer,"524 Samantha Mission
Davidberg, DC 36000",No,Fish
Diamond Johnston,"6016 Hannah Path Apt. 802
South Samuel, UT 57019",Yes,Chicken
Robert Mora,"9389 Matthew Junctions Apt. 224
North Eric, WY 72023",No,Chicken
Amy Scott,"2156 Michael Lodge
West Aliciafurt, TX 82865",Yes,Fish
Miss Sandra Davis DDS,"02770 Lopez Drive
Lindahaven, NH 60969",No,Chicken
Evan Young,"PSC 5388, Box 1853
APO AP 32366", ,Fish
Heather Walter,"912 Timothy Port
Lake Jeremy, PW 34286",No,Vegan
